train_loss,val_loss,val_acc,val_balanced_acc,val_f1_macro
0.6568856537342072,0.6229458451271057,0.7058823529411765,0.5,0.41379310344827586
0.5642619132995605,0.5227133830388387,0.9764705882352941,0.9716666666666667,0.9716666666666667
0.46121395006775856,0.4261595110098521,0.9764705882352941,0.9716666666666667,0.9716666666666667
0.4148973412811756,0.3767215609550476,0.9647058823529412,0.975,0.9588776003870343
0.40565497800707817,0.34726180632909137,0.9529411764705882,0.9666666666666667,0.9457215836526182
0.34333136677742004,0.3184817334016164,0.9529411764705882,0.9666666666666667,0.9457215836526182
0.32850877195596695,0.33750441670417786,0.9529411764705882,0.9666666666666667,0.9457215836526182
