train_loss,val_loss,val_acc,val_balanced_acc,val_f1_macro
1.6510420287096943,1.5669276714324951,0.8,0.38461538461538464,0.34545454545454546
1.4662059722123322,1.3176984786987305,0.8444444444444444,0.5012820512820514,0.5171428571428571
1.322341662866098,1.1838356256484985,0.8444444444444444,0.5083333333333334,0.5190780141843971
1.2104937500423856,1.0622662007808685,0.8444444444444444,0.4666666666666667,0.47333333333333333
1.1451255436296817,0.9611284335454305,0.9111111111111111,0.65,0.6371428571428572
