Pruning_Percentage,Accuracy,Balanced_Accuracy,F1_Macro
0.0,0.9111111111111112,0.7833333333333333,0.8059770114942528
20.0,0.8666666666666667,0.6666666666666667,0.5593103448275862
50.0,0.8888888888888888,0.6,0.5447619047619048
80.0,0.9111111111111112,0.65,0.6371428571428572
90.0,0.9111111111111112,0.65,0.6371428571428572
