train_loss,val_loss,val_acc,val_balanced_acc,val_f1_macro
1.6510435431091874,1.566919982433319,0.8,0.38461538461538464,0.34545454545454546
1.4662011155375727,1.3177244663238525,0.8444444444444444,0.5012820512820514,0.5171428571428571
1.3223397025355585,1.1838702658812206,0.8444444444444444,0.5083333333333334,0.5190780141843971
1.2106101954424824,1.0628063678741455,0.8444444444444444,0.4666666666666667,0.47333333333333333
1.1453088257047865,0.9606499572594961,0.9111111111111111,0.65,0.6371428571428572
