train_loss,val_loss,val_acc,val_balanced_acc,val_f1_macro
1.6615514799400612,1.5757376750310261,0.7111111111111111,0.3583333333333333,0.31007751937984496
1.4563084752471358,1.3356743057568867,0.7777777777777778,0.492948717948718,0.4921212121212122
1.3694237294020477,1.2260146538416545,0.7777777777777778,0.4416666666666667,0.4352380952380953
1.2179821773811623,1.151208221912384,0.8444444444444444,0.525,0.5182446808510639
1.143358517576147,1.0649011532465618,0.8666666666666667,0.6666666666666667,0.5593103448275862
