train_loss,val_loss,val_acc,val_balanced_acc,val_f1_macro
1.6796363901208948,1.5835633476575215,0.5777777777777777,0.39743589743589747,0.2944107744107744
1.4724293417400784,1.3204886118570964,0.8222222222222222,0.5025641025641026,0.45714285714285713
1.3669739696714613,1.1314062277475994,0.8666666666666667,0.5333333333333333,0.5225
1.2611858778529697,1.074989120165507,0.8666666666666667,0.5333333333333333,0.5225
1.1348915100097656,1.0008452534675598,0.9111111111111111,0.7833333333333333,0.8059770114942528
