train_loss,val_loss,val_acc,val_balanced_acc,val_f1_macro
1.6870499893471047,1.591526488463084,0.4,0.26474358974358975,0.3370909090909091
1.4985804160435994,1.3167965809504192,0.7555555555555555,0.375,0.3544086021505376
1.3883694233717743,1.1817165911197662,0.8,0.3916666666666667,0.348685857321652
1.2502465159804732,1.1064646740754445,0.8444444444444444,0.4666666666666667,0.4425
1.1289880474408467,1.0156675577163696,0.8888888888888888,0.6,0.5447619047619048
