train_loss,val_loss,val_acc,val_balanced_acc,val_f1_macro
0.5993087351322174,0.5828947126865387,0.99,0.9941176470588236,0.9809123878602787
0.42252173125743864,0.4660450965166092,0.92,0.9529411764705882,0.8700454840805718
0.3350298017263412,0.3784560188651085,0.97,0.9823529411764707,0.9455634186173107
0.35035853236913683,0.3729396089911461,0.97,0.9823529411764707,0.9455634186173107
0.2580973908305168,0.35723916441202164,0.97,0.9823529411764707,0.9455634186173107
0.245488677918911,0.35731784254312515,0.97,0.9823529411764707,0.9455634186173107
