accuracy,balanced_accuracy,f1_macro,f1_class0,f1_class1,f1_class2plus
0.9555555555555556,0.9326923076923078,0.9326923076923078,1.0,0.9230769230769231,0.875
