train_loss,val_loss,val_acc,val_balanced_acc,val_f1_macro
1.6796366197091561,1.5835638046264648,0.5777777777777777,0.39743589743589747,0.2944107744107744
1.4724285337660048,1.3204937974611919,0.8222222222222222,0.5025641025641026,0.45714285714285713
1.366986561704565,1.1314159234364827,0.8666666666666667,0.5333333333333333,0.5225
1.261299658704687,1.0750380456447601,0.8666666666666667,0.5333333333333333,0.5225
1.1356583016890067,0.9992731014887491,0.9111111111111111,0.7833333333333333,0.7857142857142857
